SSBH001,XH001,1
SSBH001,XH002,2
SSBH001,XH003,3
SSBH002,XH004,1
SSBH002,XH005,2
SSBH002,XH006,3
SSBH003,XH007,1
SSBH003,XH008,2
SSBH003,XH009,3
SSBH004,XH010,1
SSBH004,XH011,2
SSBH004,XH012,3
SSBH005,XH013,1
SSBH005,XH014,2
SSBH005,XH015,3
SSBH005,XH016,4
SSBH006,XH017,1
SSBH006,XH018,2
SSBH006,XH019,3
SSBH006,XH020,4
SSBH007,XH021,1
SSBH007,XH022,2
SSBH007,XH023,3
SSBH007,XH024,4
SSBH008,XH025,1
SSBH008,XH026,2
SSBH008,XH027,3
SSBH008,XH028,4
SSBH009,XH029,1
SSBH009,XH030,2
SSBH009,XH031,3
SSBH010,XH032,1
SSBH010,XH033,2
SSBH010,XH034,3
